"id_promotoria","cod_competencia","id_assunto_principal","id_localidade_judicial","id_orgao_juizo"
"1","5","3435","2706","270000536"
"1","46","3632","2706","270000536"
"1","5","11417","2741","270000644"
"1","46","3632","2706","270000536"
"1","46","3632","2706","270000536"
"1","46","3632","2706","270000536"
"1","5","3633","2706","270000536"
"1","5","3579","2706","270000536"
"1","5","4355","2706","270000536"
"1","5","5567","2706","270000536"
"1","5","5567","2706","270000536"
"1","5","3417","2706","270000536"
"1","5","3435","2706","270000536"
"1","46","3632","2706","270000536"
"1","46","3632","2706","270000536"
"1","46","3632","2706","270000536"
"1","5","3419","2706","270000536"
"1","5","12195","2706","270000536"
"1","5","3397","2706","270000536"
"1","46","3632","2706","270000536"
"3","5","11417","2704","270000577"
"3","3","10671","2704","270000576"
"3","5","3402","2704","270000577"
"3","5","3435","2704","270000577"
"3","5","14784","2704","270000577"
"3","25","3401","2704","270000577"
"3","5","7928","2704","270000577"
"3","5","3372","2704","270000577"
"3","5","3386","2704","270000577"
"3","32","12771","2704","270000710"
"3","5","3402","2704","270000577"
"3","5","3426","2704","270000577"
"3","25","3402","2704","270000577"
"3","9","14943","2704","270000577"
"3","5","3402","2704","270000577"
"3","25","3426","2704","270000577"
"3","25","3402","2704","270000577"
"3","25","3402","2704","270000577"
"3","9","3397","2704","270000577"
"3","3","6239","2704","270000576"
"4","5","3542","2706","270000537"
"4","9","15174","2706","270000541"
"4","5","12354","2706","270000537"
"4","5","3416","2706","270000537"
"4","46","3632","2706","270000537"
"4","5","15128","2706","270000537"
"4","46","3632","2706","270000537"
"4","46","3632","2706","270000537"
"4","46","3632","2706","270000537"
"4","5","3416","2741","270000644"
"4","5","3417","2706","270000537"
"4","46","3632","2706","270000537"
"4","46","3632","2706","270000537"
"4","46","3632","2706","270000537"
"4","46","3632","2706","270000537"
"4","5","3431","2706","270000537"
"4","46","7928","2706","270000537"
"4","45","11417","2706","270000537"
"4","5","3431","2706","270000537"
"4","46","3632","2706","270000537"
"5","5","7928","2706","270000537"
"5","12","15035","2706","270000540"
"5","7","3608","2706","270000537"
"5","5","14957","2706","270000537"
"5","5","12334","2706","270000537"
"5","7","3608","2706","270000537"
"5","7","3608","2706","270000537"
"5","7","3608","2706","270000537"
"5","7","3608","2706","270000537"
"5","7","3608","2706","270000537"
"5","7","3608","2706","270000537"
"5","7","3608","2706","270000537"
"5","7","3608","2706","270000537"
"5","7","3608","2706","270000537"
"5","5","14935","2706","270000537"
"5","5","4355","2706","270000537"
"5","7","3608","2706","270000537"
"5","7","3608","2706","270000537"
"5","7","3608","2706","270000537"
"5","7","3608","2706","270000537"
"7","6","4355","2706","270000536"
"7","6","3370","2706","270000536"
"7","5","7928","2706","270000536"
"7","6","7928","2706","270000536"
"7","6","7928","2706","270000536"
"7","6","7928","2706","270000536"
"7","6","7928","2706","270000536"
"7","6","7928","2706","270000536"
"7","6","3372","2706","270000536"
"7","6","3372","2706","270000536"
"7","5","7928","2706","270000536"
"7","5","10914","2706","270000536"
"7","6","10632","2706","270000536"
"7","6","7928","2706","270000536"
"7","6","3372","2706","270000536"
"7","6","4355","2706","270000536"
"7","6","14124","2706","270000536"
"7","6","3372","2706","270000536"
"7","6","4355","2706","270000536"
"7","6","4355","2706","270000536"
"8","3","9160","2724","270000613"
"9","10","12506","2706","270000665"
"9","10","12503","2706","270000665"
"9","41","12500","2743","271000815"
"9","10","12500","2706","270000665"
"9","34","12508","2706","270000662"
"9","34","12500","2706","270000662"
"9","34","12502","2706","270000662"
"9","34","12499","2706","270000662"
"9","34","12500","2706","270000662"
"9","34","12500","2706","270000662"
"9","10","12500","2706","270000665"
"9","34","12500","2706","270000662"
"9","10","12500","2706","270000665"
"9","34","12500","2706","270000662"
"9","34","12500","2706","270000662"
"9","34","12500","2706","270000662"
"9","10","9699","2706","270000665"
"9","10","9676","2706","270000665"
"9","10","12489","2706","270000665"
"9","10","12500","2706","270000665"
"11","25","3386","2706","270000539"
"11","25","3402","2706","270000539"
"11","25","14957","2706","270000539"
"11","25","3402","2706","270000539"
"11","25","3632","2706","270000539"
"11","25","3397","2706","270000539"
"11","25","3402","2706","270000539"
"11","25","3542","2706","270000539"
"11","25","5885","2706","270000539"
"11","25","5885","2706","270000539"
"11","25","12347","2706","270000539"
"11","25","3632","2706","270000539"
"11","25","3402","2706","270000539"
"11","25","5885","2706","270000539"
"11","25","11959","2706","270000539"
"11","25","3573","2706","270000539"
"11","25","3632","2706","270000539"
"11","25","3632","2706","270000539"
"11","5","3402","2706","270000537"
"11","25","11959","2706","270000539"
"12","25","12347","2706","271000797"
"12","25","10508","2718","270000606"
"12","2","11871","2706","270000661"
"12","2","10373","2706","270000661"
"12","2","11836","2706","270000661"
"12","2","15068","2706","270000661"
"12","2","7925","2706","270000661"
"12","2","7735","2706","270000661"
"12","2","10538","2706","270000661"
"12","25","3402","2706","271000797"
"12","25","12347","2706","271000797"
"12","2","9196","2706","270000661"
"12","2","10894","2706","270000661"
"12","12","15036","2706","270000540"
"12","25","11959","2706","271000797"
"12","25","14957","2706","271000797"
"12","2","15068","2706","270000661"
"12","2","3033612","2706","270000661"
"12","2","7732","2706","270000661"
"12","25","3632","2706","271000797"
"13","6","3372","2720","270000610"
"13","5","11417","2720","270000610"
"13","5","3633","2720","270000610"
"13","9","10949","2720","270000610"
"13","25","3402","2720","270000610"
"13","25","3406","2720","270000610"
"13","3","7677","2720","270000609"
"13","32","6238","2720","270000714"
"13","32","5802","2720","270000714"
"13","5","3431","2720","270000610"
"13","25","3402","2720","270000610"
"13","25","3386","2720","270000610"
"13","32","7677","2720","270000714"
"13","32","14923","2720","270000714"
"13","32","14923","2720","270000714"
"13","5","12774","2720","270000610"
"13","9","14684","2720","270000610"
"13","6","3370","2720","270000610"
"13","3","6239","2720","270000609"
"13","3","6239","2720","270000609"
"14","32","14923","2706","270000672"
"14","3","7676","2706","270000664"
"14","3","6239","2706","270000664"
"14","32","14923","2706","270000672"
"14","3","14923","2706","270000664"
"14","3","10859","2706","270000664"
"14","3","5802","2706","270000664"
"14","3","14923","2706","270000664"
"14","3","7676","2706","270000664"
"14","3","5804","2706","270000664"
"14","3","14923","2706","270000664"
"14","3","6239","2706","270000664"
"14","3","5804","2706","270000664"
"14","3","9180","2706","270000664"
"14","32","6239","2706","270000672"
"14","3","9180","2706","270000664"
"14","3","14923","2706","270000664"
"14","3","7687","2706","270000664"
"14","3","12245","2706","270000664"
"14","3","9180","2706","270000664"
"15","10","9860","2706","270000665"
"15","3","5802","2706","270000663"
"15","10","12822","2706","270000665"
"15","10","9694","2706","270000665"
"15","3","5805","2706","270000664"
"15","10","11388","2706","270000665"
"15","10","11388","2706","270000665"
"15","10","12500","2706","270000665"
"15","10","12005","2706","270000665"
"15","10","12005","2706","270000665"
"15","10","12002","2706","270000665"
"15","10","12502","2706","270000665"
"15","10","12090","2706","270000665"
"15","10","12494","2706","270000665"
"15","10","12005","2706","270000665"
"15","10","12002","2706","270000665"
"15","10","9973","2706","270000665"
"15","10","12816","2706","270000665"
"15","10","12005","2713","270000595"
"15","10","12002","2706","270000665"
"16","9","10949","2723","270000612"
"16","9","14943","2723","270000612"
"16","10","12002","2723","270000611"
"16","7","3608","2723","270000612"
"16","5","10949","2723","270000612"
"16","25","10508","2723","270000612"
"16","25","3402","2723","270000612"
"16","3","5802","2723","270000611"
"16","5","14782","2723","270000612"
"16","2","7834","2723","270000611"
"16","3","6239","2723","270000611"
"16","9","10949","2723","270000612"
"16","9","10949","2723","270000612"
"16","9","10949","2723","270000612"
"16","5","12354","2723","270000612"
"16","5","12354","2723","270000612"
"16","5","12354","2723","270000612"
"16","3","7677","2723","270000611"
"16","32","6239","2723","270000715"
"16","3","5802","2723","270000611"
"17","3","7677","2706","270000663"
"17","32","5802","2706","270000672"
"17","3","10859","2706","270000663"
"17","3","12245","2706","270000663"
"17","3","6239","2706","270000663"
"17","3","5802","2706","270000663"
"17","3","10859","2706","270000663"
"17","3","9180","2706","270000663"
"17","3","14126","2706","270000663"
"17","3","5802","2706","270000663"
"17","3","9180","2706","270000663"
"17","3","9180","2706","270000663"
"17","3","5802","2706","270000663"
"17","3","14923","2706","270000663"
"17","3","9180","2706","270000663"
"17","3","14923","2706","270000663"
"17","3","9180","2706","270000663"
"17","3","5802","2706","270000663"
"17","3","9180","2706","270000663"
"17","3","6239","2706","270000663"
"18","9","15174","2706","270000541"
"18","9","10949","2706","270000541"
"18","9","10949","2706","270000541"
"18","9","10949","2706","270000541"
"18","9","10949","2706","270000541"
"18","9","12345","2706","270000541"
"18","9","10949","2706","270000541"
"18","9","10949","2706","270000541"
"18","9","10949","2706","270000541"
"18","9","3402","2706","270000541"
"18","9","10949","2706","270000541"
"18","9","10949","2706","270000541"
"18","9","10949","2706","270000541"
"18","9","10949","2706","270000541"
"18","9","10949","2706","270000541"
"18","9","10949","2706","270000541"
"18","9","10949","2706","270000541"
"18","9","10949","2706","270000541"
"18","9","10949","2706","270000541"
"18","9","10949","2706","270000541"
"19","9","3402","2728","270000623"
"19","25","3386","2728","270000623"
"19","9","10949","2728","270000623"
"19","9","10949","2728","270000623"
"19","10","12384","2728","270000622"
"19","5","3492","2728","270000623"
"19","5","3417","2728","270000623"
"19","5","3416","2728","270000623"
"19","5","3417","2728","270000623"
"19","9","10949","2728","270000623"
"19","25","3396","2728","270000623"
"19","2","12416","2728","270000622"
"19","2","10010","2728","270000622"
"19","5","3370","2728","270000623"
"19","5","3492","2728","270000623"
"19","9","14943","2728","270000623"
"19","25","3402","2728","270000623"
"19","5","3659","2728","270000623"
"19","9","10949","2728","270000623"
"19","1","13319","2728","270000622"
"20","2","11836","2706","270000661"
"20","25","10986","2706","270000539"
"20","25","14798","2706","271000797"
"20","5","15056","2706","270000536"
"20","5","15056","2706","270000536"
"20","5","15056","2706","270000537"
"20","25","3620","2706","271000797"
"20","5","14782","2706","270000536"
"20","5","3621","2706","270000537"
"20","5","3621","2706","270000537"
"20","25","14957","2706","271000797"
"20","9","10949","2706","270000541"
"20","25","3621","2706","271000797"
"20","5","14782","2706","270000536"
"20","5","14782","2706","270000537"
"20","25","14790","2706","271000797"
"20","5","3621","2706","270000537"
"20","25","3620","2706","270000539"
"20","5","3621","2706","270000537"
"20","5","3621","2706","270000537"
"22","9","12194","2707","270000581"
"22","5","3370","2707","270000581"
"22","5","3416","2707","270000581"
"22","9","3402","2707","270000581"
"22","9","3397","2707","270000581"
"22","5","3419","2707","270000581"
"22","5","3402","2707","270000581"
"22","5","3402","2707","270000581"
"22","5","3465","2707","270000581"
"22","6","3372","2707","270000581"
"22","4","9596","2707","270000652"
"22","25","14957","2707","270000581"
"22","25","14957","2707","270000581"
"22","3","12245","2707","270000652"
"22","5","3431","2707","270000581"
"22","9","3402","2707","270000581"
"22","5","3396","2707","270000581"
"22","5","3546","2707","270000581"
"22","25","3397","2707","270000581"
"22","5","7928","2707","270000581"
"23","32","14923","2707","270000677"
"23","10","9676","2707","270000652"
"23","3","6239","2707","270000652"
"23","3","12245","2707","270000652"
"23","3","12245","2707","270000652"
"23","3","6239","2707","270000652"
"23","4","12503","2707","270000652"
"23","3","5802","2707","270000652"
"23","3","14923","2707","270000652"
"23","25","14957","2707","270000581"
"23","3","5802","2707","270000652"
"23","3","5804","2707","270000652"
"23","36","10244","2707","270000652"
"23","36","10380","2707","270000652"
"23","2","7735","2707","270000580"
"23","3","12245","2707","270000652"
"23","3","12245","2707","270000652"
"23","3","5787","2707","270000652"
"23","3","6239","2707","270000652"
"23","2","7834","2707","270000580"
"24","6","3370","2736","270000635"
"24","5","3370","2736","270000635"
"24","3","10859","2736","270000634"
"24","3","10859","2736","270000634"
"24","3","6239","2736","270000634"
"24","25","3426","2736","270000635"
"24","2","3033612","2736","270000634"
"24","10","11389","2736","270000634"
"24","10","11389","2736","270000634"
"24","5","3416","2736","270000635"
"24","10","5801","2736","270000634"
"24","5","11363","2736","270000635"
"24","3","5804","2736","270000634"
"24","3","5802","2736","270000634"
"24","3","10859","2736","270000634"
"24","3","5788","2736","270000634"
"24","5","11417","2736","270000635"
"24","5","3637","2736","270000635"
"24","3","6239","2736","270000634"
"24","3","10859","2736","270000634"
"25","5","15128","2709","270000585"
"25","3","6239","2715","270000599"
"25","25","3397","2709","270000585"
"25","25","3402","2709","270000585"
"25","25","3396","2709","270000585"
"25","5","3431","2709","270000585"
"25","7","3608","2709","270000585"
"25","9","3402","2741","270000644"
"25","25","3572","2709","270000585"
"25","5","3416","2709","270000585"
"25","46","3632","2709","270000585"
"25","46","3632","2709","270000585"
"25","8","14933","2709","270000585"
"25","5","3426","2709","270000585"
"25","9","3402","2709","270000585"
"25","25","3402","2709","270000585"
"25","7","3608","2709","270000585"
"25","6","3372","2709","270000585"
"25","5","10908","2709","270000585"
"25","5","10908","2709","270000585"
"27","9","10949","2713","270000594"
"27","9","10948","2713","270000594"
"27","9","14943","2713","270000594"
"27","9","3402","2713","270000594"
"27","9","3402","2713","270000594"
"27","5","10640","2713","270000594"
"27","5","10640","2713","270000594"
"27","5","11417","2713","270000594"
"27","9","14943","2713","270000594"
"27","9","10948","2713","270000594"
"27","5","11417","2713","270000594"
"27","5","11978","2713","270000594"
"27","25","3402","2713","270000667"
"27","25","3386","2713","270000667"
"27","25","3402","2713","270000667"
"27","25","3573","2713","270000667"
"27","9","10948","2713","270000594"
"27","9","10948","2713","270000594"
"27","9","10948","2713","270000594"
"27","6","3372","2713","270000594"
"28","2","10382","2713","270000593"
"28","2","7735","2713","270000593"
"28","41","12500","2743","271000817"
"28","41","12500","2743","271000816"
"28","2","15071","2713","270000593"
"28","36","10244","2713","271000831"
"28","2","15076","2713","270000593"
"28","41","12500","2743","271000817"
"28","4","9098","2713","270000592"
"28","2","10894","2737","270000656"
"28","2","7735","2713","270000593"
"28","5","14786","2713","270000594"
"28","5","14786","2713","270000594"
"28","1","10458","2713","270000593"
"28","1","9597","2713","270000592"
"28","40","6100","2743","271000814"
"28","4","7671","2713","270000595"
"28","36","13541","2713","271000831"
"28","2","15071","2713","270000592"
"28","1","10458","2713","270000593"
"29","5","11417","2741","270000644"
"29","7","3608","2741","270000644"
"29","5","3416","2741","270000644"
"29","10","9699","2741","270000643"
"29","3","7676","2741","270000643"
"29","2","7735","2741","270000643"
"29","5","4355","2741","270000644"
"29","5","4355","2741","270000644"
"29","6","3372","2741","270000644"
"29","5","5566","2741","270000644"
"29","9","3402","2741","270000644"
"29","41","12500","2743","271000815"
"29","3","5788","2741","270000643"
"29","3","6239","2741","270000643"
"29","3","5788","2741","270000643"
"29","2","10894","2741","270000643"
"29","3","12245","2741","270000643"
"29","5","3465","2741","270000644"
"29","3","6239","2741","270000643"
"29","10","12002","2741","270000643"
"30","5","3416","2713","270000594"
"30","5","3417","2713","270000594"
"30","5","14957","2713","270000594"
"30","5","11978","2713","270000594"
"30","5","3546","2713","270000594"
"30","5","11959","2713","270000594"
"30","5","3633","2713","270000594"
"30","5","5566","2713","270000594"
"30","5","3416","2713","270000594"
"30","5","10952","2713","270000594"
"30","46","3402","2713","270000594"
"30","5","3417","2713","270000594"
"30","5","3417","2713","270000594"
"30","5","3416","2713","270000594"
"30","5","3416","2713","270000594"
"30","46","3390","2713","270000594"
"30","5","3402","2713","270000594"
"30","5","3436","2713","270000594"
"30","5","3539","2713","270000594"
"30","5","5566","2713","270000594"
"31","6","4355","2716","270000601"
"31","6","4355","2716","270000601"
"31","9","10949","2716","270000601"
"31","7","3608","2716","270000601"
"31","9","10949","2716","270000601"
"31","9","12345","2716","270000601"
"31","25","3632","2716","270000601"
"31","7","3608","2716","270000601"
"31","9","10949","2716","270000601"
"31","9","3386","2716","270000601"
"31","9","10949","2716","270000601"
"31","9","14943","2716","270000601"
"31","46","3632","2716","270000601"
"31","46","3632","2716","270000601"
"31","9","12194","2716","270000601"
"31","9","12345","2716","270000601"
"31","46","3632","2716","270000601"
"31","25","3402","2716","270000601"
"31","5","10609","2716","270000601"
"31","5","3633","2716","270000601"
"32","9","14943","2702","270000573"
"32","46","3632","2702","270000573"
"32","25","5885","2702","270000573"
"32","7","3608","2702","270000573"
"32","9","10949","2702","270000573"
"32","2","15068","2702","270000572"
"32","3","5787","2702","270000572"
"32","3","5787","2702","270000572"
"32","5","7928","2702","270000573"
"32","3","6239","2702","270000572"
"32","9","14943","2702","270000573"
"32","9","14943","2702","270000573"
"32","9","14943","2702","270000573"
"32","9","14943","2702","270000573"
"32","3","6239","2702","270000572"
"32","8","10907","2702","270000573"
"32","5","3416","2702","270000573"
"32","2","3033612","2702","270000572"
"32","3","5805","2702","270000572"
"32","3","14923","2702","270000572"
"33","6","3372","2716","270000601"
"33","10","9678","2716","271000807"
"33","10","9678","2716","271000807"
"33","3","7687","2716","271000807"
"33","3","12245","2716","271000807"
"33","3","5788","2716","271000807"
"33","3","10859","2716","271000807"
"33","3","6239","2716","271000807"
"33","32","7659","2716","270000679"
"33","3","7660","2716","271000807"
"33","3","12245","2716","271000807"
"33","3","10859","2716","271000807"
"33","3","7677","2716","271000807"
"33","3","12236","2716","271000807"
"33","9","14943","2716","270000601"
"33","3","6239","2716","271000807"
"33","3","6239","2716","271000807"
"33","3","10859","2716","271000807"
"33","3","15046","2716","271000807"
"33","32","7659","2716","270000679"
"34","2","10671","2703","270000574"
"34","9","3402","2703","270000575"
"34","9","3402","2703","270000575"
"34","3","5788","2703","270000574"
"34","1","9160","2703","270000574"
"34","40","6104","2743","271000814"
"34","3","6238","2703","270000574"
"34","3","6238","2703","270000574"
"34","3","6239","2703","270000574"
"34","3","14923","2703","270000574"
"34","9","14943","2703","270000575"
"34","6","3372","2703","270000575"
"34","6","3370","2703","270000575"
"34","5","4355","2703","270000575"
"34","25","3397","2703","270000575"
"34","25","3397","2703","270000575"
"34","3","5805","2703","270000574"
"34","10","9638","2703","270000574"
"34","9","12345","2703","270000575"
"34","9","12345","2703","270000575"
"35","9","12347","2721","270000563"
"35","9","12347","2721","270000563"
"35","9","10949","2721","270000563"
"35","9","10949","2721","270000563"
"35","9","14943","2721","270000563"
"35","9","10949","2721","270000563"
"35","5","3633","2721","270000563"
"35","9","3402","2721","270000563"
"35","9","3402","2721","270000563"
"35","46","3632","2721","270000563"
"35","5","5571","2721","270000563"
"35","6","3370","2721","270000563"
"35","46","3632","2721","270000563"
"35","9","5571","2721","270000563"
"35","9","10949","2721","270000563"
"35","9","10949","2721","270000563"
"35","5","3633","2721","270000563"
"35","46","3632","2721","270000563"
"35","5","3608","2721","270000563"
"35","5","3402","2721","270000563"
"36","6","3372","2705","270000579"
"36","6","3370","2705","270000579"
"36","3","7677","2705","270000578"
"36","3","5787","2702","270000572"
"36","25","3372","2705","270000579"
"36","5","11417","2705","270000579"
"36","3","5788","2705","270000578"
"36","2","7925","2705","270000578"
"36","1","10458","2705","270000578"
"36","3","10859","2705","270000578"
"36","3","10859","2705","270000578"
"36","2","15070","2705","270000578"
"36","6","3372","2705","270000579"
"36","9","14227","2705","270000579"
"36","7","3608","2705","270000579"
"36","25","12347","2705","270000579"
"36","3","10859","2705","270000578"
"36","3","7677","2705","270000578"
"36","3","10859","2705","270000578"
"36","3","6239","2705","270000578"
"37","3","12245","2721","270000564"
"37","10","9859","2721","270000564"
"37","5","3633","2721","270000563"
"37","10","12490","2721","270000564"
"37","3","12245","2721","270000564"
"37","3","6239","2725","270000655"
"37","32","6239","2721","270000680"
"37","32","14923","2721","270000680"
"37","3","12245","2721","270000564"
"37","3","12245","2721","270000564"
"37","3","10859","2721","270000564"
"37","3","5804","2721","270000564"
"37","3","10859","2721","270000564"
"37","3","5802","2721","270000564"
"37","3","10859","2721","270000564"
"37","3","14923","2721","270000564"
"37","10","12500","2721","270000564"
"37","3","5788","2721","270000564"
"37","3","10859","2721","270000564"
"37","3","9180","2721","270000564"
"38","6","4355","2708","270000583"
"38","25","5885","2708","270000583"
"38","3","5788","2708","270000582"
"38","3","5788","2708","270000582"
"38","10","12005","2708","270000582"
"38","5","15056","2708","270000583"
"38","41","12500","2743","271000816"
"38","9","12194","2708","270000583"
"38","5","4355","2708","270000583"
"38","25","3397","2708","270000583"
"38","25","10508","2708","270000583"
"38","25","12347","2708","270000583"
"38","5","7928","2708","270000583"
"38","5","5885","2708","270000583"
"38","3","7677","2708","270000582"
"38","32","5802","2708","270000698"
"38","6","3372","2708","270000583"
"38","3","5788","2708","270000582"
"38","5","3637","2708","270000583"
"38","5","11417","2708","270000583"
"39","9","12194","2710","270000587"
"39","6","5555","2710","270000587"
"39","5","10949","2710","270000587"
"39","5","3431","2710","270000587"
"39","5","3435","2710","270000587"
"39","5","3397","2710","270000587"
"39","5","3402","2710","270000587"
"39","12","10949","2710","270000587"
"39","5","4355","2710","270000587"
"39","5","11417","2710","270000587"
"39","5","3573","2710","270000587"
"39","5","3633","2710","270000587"
"39","5","3633","2710","270000587"
"39","5","3431","2710","270000587"
"39","5","3431","2710","270000587"
"39","5","3431","2710","270000587"
"39","5","11959","2710","270000587"
"39","5","3437","2710","270000587"
"39","5","3402","2710","270000587"
"39","5","11417","2710","270000587"
"40","25","3402","2721","270000669"
"40","25","3566","2721","270000669"
"40","25","3402","2721","270000669"
"40","25","11797","2721","270000669"
"40","25","3396","2721","270000669"
"40","25","3402","2721","270000669"
"40","25","3402","2721","270000669"
"40","1","12806","2721","270000562"
"40","1","12805","2721","270000562"
"40","2","7925","2721","270000562"
"40","25","3396","2721","270000669"
"40","38","12487","2729","271000338"
"40","25","3396","2721","270000669"
"40","25","3396","2721","270000669"
"40","25","3533","2721","270000669"
"40","25","5885","2721","270000669"
"40","36","12513","2721","271000827"
"40","36","12494","2721","271000827"
"40","36","10671","2721","271000827"
"40","39","5000","2721","270000564"
"41","5","4355","2714","270000597"
"41","6","3370","2714","270000597"
"41","9","12194","2714","270000597"
"41","5","3608","2714","270000597"
"41","5","3633","2714","270000597"
"41","9","10949","2714","270000597"
"41","5","4355","2714","270000597"
"41","5","7928","2714","270000597"
"41","25","3386","2714","270000597"
"41","5","3386","2714","270000597"
"41","5","3417","2714","270000597"
"41","25","3573","2714","270000597"
"41","5","7928","2714","270000597"
"41","5","5571","2714","270000597"
"41","5","5566","2714","270000597"
"41","46","3632","2714","270000597"
"41","46","3632","2714","270000597"
"41","5","3372","2714","270000597"
"41","5","3416","2714","270000597"
"41","6","3372","2714","270000597"
"42","46","3632","2722","270000548"
"42","5","3435","2722","270000548"
"42","7","3608","2722","270000548"
"42","46","3632","2722","270000548"
"42","46","3632","2722","270000548"
"42","5","3633","2722","270000548"
"42","46","3632","2722","270000548"
"42","5","3416","2722","270000548"
"42","5","3416","2722","270000548"
"42","5","10609","2722","270000548"
"42","5","3417","2722","270000548"
"42","5","5566","2722","270000548"
"42","5","3431","2722","270000548"
"42","7","3608","2722","270000548"
"42","5","10913","2722","270000548"
"42","5","3416","2722","270000548"
"42","5","3492","2722","270000548"
"42","5","7928","2722","270000548"
"42","5","5566","2722","270000548"
"42","5","3396","2722","270000548"
"43","10","9967","2715","270000598"
"43","2","7925","2715","270000598"
"43","10","9675","2715","270000598"
"43","1","10443","2715","270000598"
"43","2","10300","2715","270000598"
"43","10","11389","2715","270000598"
"43","1","10458","2715","270000598"
"43","2","7732","2715","270000598"
"43","3","7671","2715","270000599"
"43","10","11456","2715","270000598"
"43","10","9859","2715","270000598"
"43","10","9859","2715","270000598"
"43","10","9661","2715","270000598"
"43","29","15035","2715","270000598"
"43","5","10632","2715","270000598"
"43","2","7735","2715","270000598"
"43","2","7735","2715","270000598"
"43","5","3492","2715","270000599"
"43","1","14694","2715","270000598"
"43","2","7925","2715","270000598"
"44","46","3632","2722","270000549"
"44","46","3632","2722","270000549"
"44","5","12195","2722","270000549"
"44","5","14957","2713","270000594"
"44","5","3417","2722","270000549"
"44","46","3632","2722","270000549"
"44","5","10640","2722","270000549"
"44","5","7928","2722","270000549"
"44","46","3632","2722","270000549"
"44","5","7928","2722","270000549"
"44","5","3637","2722","270000549"
"44","8","7928","2722","270000550"
"44","5","14957","2722","270000549"
"44","5","7928","2722","270000549"
"44","46","3632","2722","270000549"
"44","7","3608","2722","270000549"
"44","9","10949","2729","270000525"
"44","5","14957","2722","270000549"
"44","5","3416","2722","270000549"
"44","5","7928","2722","270000549"
"45","32","5802","2718","270000701"
"45","25","10508","2718","270000606"
"45","25","10508","2718","270000606"
"45","5","3386","2718","270000606"
"45","3","7687","2718","270000605"
"45","6","3372","2718","270000606"
"45","3","5802","2718","270000605"
"45","3","6239","2718","270000605"
"45","3","5802","2718","270000605"
"45","3","5788","2718","270000605"
"45","3","10859","2718","270000605"
"45","3","9180","2718","270000605"
"45","5","10904","2718","270000606"
"45","25","3402","2718","270000606"
"45","3","9180","2718","270000605"
"45","3","12245","2718","270000605"
"45","3","5805","2718","270000605"
"45","3","10859","2718","270000605"
"45","3","5788","2718","270000605"
"45","1","11811","2718","270000605"
"46","25","5896","2722","271000808"
"46","8","10907","2722","270000550"
"46","25","5885","2722","271000808"
"46","8","10907","2722","270000550"
"46","25","5885","2722","271000808"
"46","25","5885","2722","271000808"
"46","8","7928","2722","270000550"
"46","25","5885","2722","271000808"
"46","8","10907","2722","270000550"
"46","8","5865","2722","270000550"
"46","8","5865","2722","270000550"
"46","8","4355","2722","270000550"
"46","8","10640","2722","270000550"
"46","8","10640","2722","270000550"
"46","8","4355","2722","270000550"
"46","5","14794","2722","270000548"
"46","5","3436","2722","270000549"
"46","25","5885","2722","271000808"
"46","8","4355","2722","270000550"
"46","25","5885","2722","271000808"
"47","1","10458","2719","270000607"
"47","8","4355","2722","270000550"
"47","5","3539","2719","270000608"
"47","9","10948","2719","270000608"
"47","9","3402","2719","270000608"
"47","9","10948","2719","270000608"
"47","9","10948","2719","270000608"
"47","46","3632","2719","270000608"
"47","9","11417","2719","270000608"
"47","5","3416","2719","270000608"
"47","9","3402","2719","270000608"
"47","9","3386","2719","270000608"
"47","3","14923","2719","270000646"
"47","5","3417","2719","270000608"
"47","5","11417","2719","270000608"
"47","5","11417","2719","270000608"
"47","46","3632","2719","270000608"
"47","3","6239","2719","270000646"
"47","3","5802","2719","270000646"
"47","3","9180","2719","270000646"
"48","9","10949","2722","270000554"
"48","9","10949","2722","270000554"
"48","9","10949","2722","270000554"
"48","9","10949","2722","270000554"
"48","9","10949","2722","270000554"
"48","9","10949","2722","270000554"
"48","9","10949","2722","270000554"
"48","9","14943","2722","270000554"
"48","9","10949","2722","270000554"
"48","6","3370","2722","270000554"
"48","6","12091","2722","270000554"
"48","6","3370","2722","270000554"
"48","9","14943","2722","270000554"
"48","9","10949","2722","270000554"
"48","9","10949","2722","270000554"
"48","9","3402","2722","270000554"
"48","9","10949","2722","270000554"
"48","9","10949","2722","270000554"
"48","9","10949","2722","270000554"
"48","9","10949","2722","270000554"
"49","5","3402","2724","270000614"
"49","3","12245","2724","270000613"
"49","3","14923","2724","270000613"
"49","9","3402","2724","270000614"
"49","6","3372","2724","270000614"
"49","6","3372","2724","270000614"
"49","5","3573","2724","270000614"
"49","5","3548","2724","270000614"
"49","9","12345","2724","270000614"
"49","5","11417","2724","270000614"
"49","6","3372","2724","270000614"
"49","3","10859","2724","270000613"
"49","3","6239","2724","270000613"
"49","2","7925","2724","270000613"
"49","2","15074","2724","270000613"
"49","3","5802","2724","270000613"
"49","2","7735","2724","270000613"
"49","7","3608","2724","270000614"
"49","3","6239","2724","270000613"
"49","2","7925","2724","270000613"
"50","3","7687","2722","270000546"
"50","3","6239","2722","270000546"
"50","3","6239","2722","270000546"
"50","3","6239","2722","270000546"
"50","3","6239","2722","270000546"
"50","3","12416","2722","270000546"
"50","3","12771","2722","270000546"
"50","3","5802","2722","270000546"
"50","3","7677","2722","270000546"
"50","3","5804","2722","270000546"
"50","3","5804","2722","270000546"
"50","32","6239","2722","270000675"
"50","32","5802","2722","270000675"
"50","3","10859","2722","270000546"
"50","32","6239","2722","270000675"
"50","32","5813","2722","270000675"
"50","3","5813","2722","270000546"
"50","3","10859","2722","270000546"
"50","3","9180","2722","270000546"
"50","3","10859","2722","270000546"
"51","10","12005","2722","270000547"
"51","6","15177","2734","270000631"
"51","25","5885","2722","271000808"
"51","4","12416","2722","270000657"
"51","4","10372","2722","270000657"
"51","2","12489","2722","270000545"
"51","10","12500","2722","270000547"
"51","10","12500","2722","270000547"
"51","2","7735","2722","270000545"
"51","2","12503","2722","270000545"
"51","2","7735","2722","270000545"
"51","2","12503","2722","270000545"
"51","10","12500","2722","270000547"
"51","2","12503","2722","270000545"
"51","2","12503","2722","270000545"
"51","2","7925","2722","270000545"
"51","10","12500","2722","270000547"
"51","2","12494","2722","270000545"
"51","2","12500","2722","270000545"
"51","2","12503","2722","270000545"
"52","41","12508","2743","271000817"
"52","10","12197","2726","270000618"
"52","5","5566","2726","270000619"
"52","5","14782","2726","270000619"
"52","9","14227","2726","270000619"
"52","10","12155","2726","270000618"
"52","3","5802","2726","270000618"
"52","3","12245","2726","270000618"
"52","6","3372","2726","270000619"
"52","2","11909","2726","270000618"
"52","1","4703","2726","270000618"
"52","10","12090","2726","270000618"
"52","3","7687","2726","270000618"
"52","40","6177","2743","271000813"
"52","5","3370","2726","270000619"
"52","3","12245","2726","270000618"
"52","3","12245","2726","270000618"
"52","3","5804","2726","270000618"
"52","32","6239","2726","270000687"
"52","3","7687","2726","270000618"
"53","2","12833","2722","270000545"
"53","2","12833","2722","270000545"
"53","2","12833","2722","270000545"
"53","2","12833","2722","270000545"
"53","2","12833","2722","270000545"
"53","2","12833","2722","270000545"
"53","2","12833","2722","270000545"
"53","2","12833","2722","270000545"
"53","2","12833","2722","270000545"
"53","2","12833","2722","270000545"
"53","2","12833","2722","270000545"
"53","2","12833","2722","270000545"
"53","5","14957","2722","270000549"
"53","2","12805","2722","270000545"
"53","2","10010","2722","270000545"
"53","5","14957","2722","270000548"
"53","2","10010","2722","270000545"
"53","2","12805","2722","270000545"
"53","2","7735","2722","270000545"
"53","25","14782","2722","271000808"
"54","25","3632","2727","270000621"
"54","25","3632","2727","270000621"
"54","46","3632","2727","270000621"
"54","10","12090","2727","270000620"
"54","2","14927","2727","270000620"
"54","3","10859","2727","270000620"
"54","5","11235","2727","270000621"
"54","5","3606","2727","270000621"
"54","3","10859","2727","270000620"
"54","3","12245","2727","270000620"
"54","3","12245","2727","270000620"
"54","3","12245","2727","270000620"
"54","5","11417","2727","270000621"
"54","5","3417","2727","270000621"
"54","2","12508","2727","270000620"
"54","2","9196","2727","270000620"
"54","9","10949","2727","270000621"
"54","9","10949","2727","270000621"
"54","46","3632","2727","270000621"
"54","5","3435","2727","270000621"
"55","25","5885","2722","271000808"
"55","25","3573","2722","271000808"
"55","25","3386","2722","271000808"
"55","25","3386","2722","271000808"
"55","25","5896","2722","271000808"
"55","25","5885","2722","271000808"
"55","25","5885","2722","271000808"
"55","25","5885","2722","271000808"
"55","25","5885","2722","271000808"
"55","25","5885","2722","271000808"
"55","25","5885","2722","271000808"
"55","25","5885","2722","271000808"
"55","25","5885","2722","271000808"
"55","25","3632","2722","271000808"
"55","25","3386","2722","271000808"
"55","25","11959","2722","271000808"
"55","25","3572","2722","271000808"
"55","25","12344","2722","271000808"
"55","25","3386","2722","271000808"
"55","25","10749","2722","271000808"
"56","10","9860","2722","270000547"
"56","10","9676","2722","270000547"
"56","10","12005","2722","270000547"
"56","10","9859","2722","270000547"
"56","10","9676","2722","270000547"
"56","10","9678","2722","270000547"
"56","10","9895","2722","270000547"
"56","10","14240","2722","270000547"
"56","10","9700","2722","270000547"
"56","10","11389","2706","270000665"
"56","10","12157","2722","270000547"
"56","10","14240","2722","270000547"
"56","10","9892","2722","270000547"
"56","10","9860","2722","270000547"
"56","10","12500","2722","270000547"
"56","10","9895","2722","270000547"
"56","10","9859","2722","270000547"
"56","10","9859","2722","270000547"
"56","10","11388","2722","270000547"
"56","10","12002","2722","270000547"
"57","9","12345","2730","270000625"
"57","9","12345","2730","270000625"
"57","5","7928","2730","270000625"
"57","3","5804","2730","270000624"
"57","10","11979","2730","270000624"
"57","3","14923","2730","270000624"
"57","3","10859","2730","270000624"
"57","25","3402","2730","270000625"
"57","25","3402","2730","270000625"
"57","3","14923","2730","270000624"
"57","2","10013","2730","270000624"
"57","3","6239","2730","270000624"
"57","3","6239","2730","270000624"
"57","3","14923","2730","270000624"
"57","7","3608","2730","270000625"
"57","1","13085","2730","270000624"
"57","9","3402","2730","270000625"
"57","3","5802","2730","270000624"
"57","25","3426","2730","270000625"
"57","5","3402","2730","270000625"
"58","12","15038","2725","270000616"
"58","5","3387","2725","270000616"
"58","9","3402","2725","270000616"
"58","9","3402","2725","270000616"
"58","5","14958","2725","270000616"
"58","9","12194","2725","270000616"
"58","9","3402","2725","270000616"
"58","5","3633","2725","270000616"
"58","25","3573","2725","270000666"
"58","46","3632","2725","270000616"
"58","9","14943","2725","270000616"
"58","9","14943","2725","270000616"
"58","5","3633","2725","270000616"
"58","9","14943","2725","270000616"
"58","9","14227","2725","270000616"
"58","25","3435","2725","270000666"
"58","7","3608","2725","270000616"
"58","5","3633","2725","270000616"
"58","5","3633","2725","270000616"
"58","9","14943","2725","270000616"
"59","2","10387","2732","270000626"
"59","9","14227","2732","270000627"
"59","5","3419","2732","270000627"
"59","9","3402","2732","270000627"
"59","5","3533","2732","270000627"
"59","5","10949","2732","270000627"
"59","5","11417","2732","270000627"
"59","5","3416","2732","270000627"
"59","3","10859","2732","270000626"
"59","3","10859","2732","270000626"
"59","25","3402","2732","270000627"
"59","25","3402","2732","270000627"
"59","3","7677","2732","270000626"
"59","1","10458","2732","270000626"
"59","25","3632","2732","270000627"
"59","25","3632","2732","270000627"
"59","5","3417","2732","270000627"
"59","25","3632","2732","270000627"
"59","46","3632","2732","270000627"
"59","25","3632","2732","270000627"
"60","32","5787","2725","270000681"
"60","3","10859","2725","270000655"
"60","5","14784","2725","270000616"
"60","3","12245","2725","270000655"
"60","32","5802","2725","270000681"
"60","32","6239","2725","270000681"
"60","3","10859","2725","270000655"
"60","2","10375","2729","270000691"
"60","1","10458","2725","270000615"
"60","32","14923","2725","270000681"
"60","3","5802","2725","270000655"
"60","3","7687","2725","270000655"
"60","3","7687","2725","270000655"
"60","3","5802","2725","270000655"
"60","32","5805","2725","270000681"
"60","29","12334","2725","270000666"
"60","3","5804","2725","270000655"
"60","10","9974","2725","270000655"
"60","3","10859","2725","270000655"
"60","3","14923","2725","270000655"
"61","5","7928","2734","270000631"
"61","7","3608","2734","270000631"
"61","9","3402","2734","270000631"
"61","9","3402","2734","270000631"
"61","5","3386","2734","270000631"
"61","9","10949","2734","270000631"
"61","5","7928","2734","270000631"
"61","5","3416","2734","270000631"
"61","6","15177","2734","270000631"
"61","5","3416","2734","270000631"
"61","9","14943","2734","270000631"
"61","5","11417","2734","270000631"
"61","25","14798","2734","270000631"
"61","9","11238","2734","270000631"
"61","3","12236","2734","270000645"
"61","9","10949","2734","270000631"
"61","25","14791","2734","270000631"
"61","7","3608","2734","270000631"
"61","3","15087","2734","270000645"
"61","1","12223","2734","270000645"
"63","9","3402","2742","270000649"
"63","9","14942","2742","270000649"
"63","9","5571","2742","270000649"
"63","3","6239","2742","270000648"
"63","3","6239","2742","270000648"
"63","1","10450","2742","270000648"
"63","5","3370","2742","270000649"
"63","3","5788","2742","270000648"
"63","3","5804","2742","270000648"
"63","3","5802","2742","270000648"
"63","5","3416","2742","270000649"
"63","5","5566","2742","270000649"
"63","5","14684","2742","270000649"
"63","5","3386","2742","270000649"
"63","3","5788","2742","270000648"
"63","4","12417","2742","270000648"
"63","9","14684","2742","270000649"
"63","5","3431","2742","270000649"
"63","5","3386","2742","270000649"
"63","5","3431","2742","270000649"
"64","45","15174","2729","270000523"
"64","45","15174","2729","270000523"
"64","45","15174","2729","270000523"
"64","9","15174","2729","270000525"
"64","5","3431","2729","270000523"
"64","5","14692","2729","271000847"
"64","5","15128","2729","270000523"
"64","5","3436","2729","271000847"
"64","5","3546","2729","270000523"
"64","5","4355","2729","270000523"
"64","5","5566","2729","271000847"
"64","45","15174","2729","270000523"
"64","5","4355","2729","270000523"
"64","5","4355","2729","270000523"
"64","5","3416","2729","270000523"
"64","45","15174","2729","270000523"
"64","5","4355","2729","270000523"
"64","45","10950","2729","270000523"
"64","45","11417","2729","270000523"
"64","9","10949","2729","270000525"
"65","6","4355","2729","270000520"
"65","6","3372","2729","270000520"
"65","6","3370","2729","270000520"
"65","6","3372","2729","270000520"
"65","6","3370","2729","270000520"
"65","6","3370","2729","270000520"
"65","6","3372","2729","270000520"
"65","6","3372","2729","270000520"
"65","6","3372","2729","270000520"
"65","6","3372","2729","270000520"
"65","6","3372","2729","270000520"
"65","6","3370","2729","270000520"
"65","6","3370","2729","270000520"
"65","6","3370","2729","270000520"
"65","6","3372","2729","270000520"
"65","6","12091","2729","270000520"
"65","6","7928","2729","270000520"
"65","6","12091","2729","270000520"
"65","6","3370","2729","270000520"
"65","6","4355","2729","270000520"
"66","5","14238","2731","270000567"
"66","6","4355","2729","270000520"
"66","9","12194","2729","270000525"
"66","5","5571","2729","270000521"
"66","5","3465","2729","271000847"
"66","5","3566","2729","270000521"
"66","5","3566","2729","270000521"
"66","5","10640","2729","270000521"
"66","5","15128","2729","270000521"
"66","5","15126","2729","270000521"
"66","5","11177","2729","270000521"
"66","5","3397","2729","271000847"
"66","5","3397","2729","271000847"
"66","5","14692","2729","270000521"
"66","5","14692","2729","270000521"
"66","5","11410","2729","270000521"
"66","5","3431","2729","270000521"
"66","5","4355","2729","270000521"
"66","5","3573","2729","270000521"
"66","5","3416","2729","270000521"
"67","9","10949","2722","270000554"
"67","8","4355","2729","271000844"
"67","8","4355","2729","271000844"
"67","8","12732","2729","271000844"
"67","8","12732","2729","271000844"
"67","8","12732","2729","271000844"
"67","5","15056","2729","270000521"
"67","5","15056","2729","270000521"
"67","5","15056","2729","270000521"
"67","5","15056","2729","270000521"
"67","5","15056","2729","270000521"
"67","5","15056","2729","270000521"
"67","5","15056","2729","270000521"
"67","5","15056","2729","270000521"
"67","5","15056","2729","270000521"
"67","5","15056","2729","270000521"
"67","5","15056","2729","270000521"
"67","5","15056","2729","270000521"
"67","5","15056","2729","270000521"
"67","5","15056","2729","270000521"
"68","5","3566","2729","270000521"
"68","5","3397","2729","271000847"
"68","46","3632","2729","270000520"
"68","47","3395","2729","271000847"
"68","47","3396","2729","270000520"
"68","47","5556","2729","270000520"
"68","25","3402","2729","271000793"
"68","6","3372","2729","270000520"
"68","14","11329","2729","270000527"
"68","46","3632","2729","270000520"
"68","5","11959","2729","270000524"
"68","46","3632","2729","270000520"
"68","46","3632","2729","270000520"
"68","46","3632","2729","271000847"
"68","25","3395","2729","271000791"
"68","25","3397","2729","271000793"
"68","47","3403","2729","270000520"
"68","46","3632","2729","270000520"
"68","46","12732","2729","270000520"
"68","5","3396","2729","271000847"
"69","2","10894","2737","270000656"
"70","25","3406","2729","271000793"
"70","25","12345","2729","271000793"
"70","25","3632","2729","271000793"
"70","25","3395","2729","271000793"
"70","25","3402","2729","271000793"
"70","25","11959","2729","271000793"
"70","25","11959","2729","271000793"
"70","25","11959","2729","271000793"
"70","25","3632","2729","271000793"
"70","38","10671","2729","271000337"
"70","36","10379","2729","271000789"
"70","5","11959","2729","270000524"
"70","25","5885","2729","271000793"
"70","25","3397","2729","271000793"
"70","25","3397","2729","271000793"
"70","25","12354","2729","271000793"
"70","25","3566","2729","271000793"
"70","25","3397","2729","271000793"
"70","25","3397","2729","271000793"
"70","25","3402","2729","271000793"
"71","2","10706","2729","270000690"
"71","35","10556","2729","270000692"
"71","2","10381","2729","270000690"
"71","25","11959","2729","271000795"
"71","2","10671","2729","270000690"
"71","35","10531","2729","270000692"
"71","25","3573","2729","271000795"
"71","2","10419","2729","270000690"
"71","2","10379","2729","270000690"
"71","10","12805","2729","270000526"
"71","2","10379","2729","270000690"
"71","2","10894","2729","270000690"
"71","2","10291","2729","270000690"
"71","25","3632","2729","271000795"
"71","2","10379","2729","270000690"
"71","25","3402","2737","270000561"
"71","2","10379","2729","270000690"
"71","2","10375","2729","270000690"
"71","2","11909","2729","270000690"
"71","5","5573","2729","270000521"
"72","5","3642","2729","271000847"
"72","2","10382","2729","270000691"
"73","10","12805","2729","270000526"
"73","10","12805","2729","270000526"
"73","10","12805","2729","270000526"
"73","10","12833","2729","270000526"
"73","10","14240","2729","270000526"
"73","2","12805","2729","270000690"
"73","10","12805","2729","270000526"
"73","10","14240","2729","270000526"
"73","10","12833","2729","270000526"
"73","10","12819","2729","270000526"
"73","10","12864","2729","270000526"
"73","10","12805","2729","270000526"
"73","10","12805","2729","270000526"
"73","10","12805","2729","270000526"
"73","10","12833","2729","270000526"
"73","10","12833","2729","270000526"
"73","10","12805","2729","270000526"
"73","10","12894","2729","270000526"
"73","10","11998","2729","270000526"
"73","10","14240","2729","270000526"
"74","2","10126","2729","270000691"
"74","2","100127","2729","270000691"
"74","2","7735","2729","270000691"
"74","2","10375","2729","270000691"
"74","2","15074","2729","270000691"
"74","35","6090","2729","270000692"
"74","35","6004","2729","270000692"
"74","2","7925","2729","270000691"
"74","2","15068","2729","270000691"
"74","2","7735","2729","270000691"
"74","35","5955","2729","270000692"
"74","2","10381","2729","270000691"
"74","2","10375","2729","270000691"
"74","35","6024","2729","270000692"
"74","2","10300","2729","270000691"
"74","2","6104","2729","270000691"
"74","4","11783","2729","270000519"
"74","2","10381","2729","270000691"
"74","35","10531","2729","270000692"
"74","35","10556","2729","270000692"
"76","5","14935","2729","270000524"
"76","5","3608","2729","270000523"
"76","5","14957","2729","270000523"
"76","25","3608","2729","271000791"
"76","7","3608","2729","270000521"
"76","7","7928","2729","270000524"
"76","7","7928","2729","270000521"
"76","5","7928","2729","270000523"
"76","7","3608","2729","271000847"
"76","7","3608","2729","270000521"
"76","5","7928","2729","270000521"
"76","5","14957","2729","270000521"
"76","7","4355","2729","270000524"
"76","7","3608","2729","270000521"
"76","8","4355","2729","271000844"
"76","7","3608","2729","270000523"
"76","7","3608","2729","270000523"
"76","7","3608","2729","270000521"
"76","7","7928","2729","270000521"
"76","7","3608","2729","270000523"
"77","1","12223","2729","270000689"
"77","25","3402","2729","271000791"
"77","25","11959","2729","271000791"
"77","1","12489","2729","270000510"
"77","25","3608","2729","271000791"
"77","1","12416","2729","270000501"
"77","1","14915","2729","270000509"
"77","25","3386","2729","271000791"
"77","49","12489","2729","270000526"
"77","25","5573","2729","271000791"
"77","25","5573","2729","271000791"
"77","25","11959","2729","271000791"
"77","1","10458","2729","270000511"
"77","25","3402","2729","271000791"
"77","10","12489","2729","270000526"
"77","25","3402","2729","271000791"
"77","25","3397","2729","271000791"
"77","10","12223","2729","270000526"
"77","25","3386","2729","271000791"
"77","10","12489","2729","270000526"
"79","3","5805","2729","270000516"
"79","3","14923","2729","270000516"
"79","3","11977","2729","270000516"
"79","3","5802","2729","270000516"
"79","3","9160","2729","270000516"
"79","3","6239","2729","270000517"
"79","3","6239","2729","270000516"
"79","3","6239","2729","270000516"
"79","3","14126","2729","270000516"
"79","3","5788","2729","270000516"
"79","3","5788","2729","270000516"
"79","3","5788","2729","270000516"
"79","3","5788","2729","270000516"
"79","3","5788","2729","270000516"
"79","3","12245","2729","270000516"
"79","3","6239","2729","270000516"
"79","3","10859","2729","270000516"
"79","3","5805","2729","270000516"
"79","3","14923","2729","270000516"
"79","3","10671","2729","270000516"
"80","3","7687","2722","270000546"
"80","3","14923","2729","270000517"
"80","3","6239","2729","270000517"
"80","3","6239","2729","270000517"
"80","3","7677","2729","270000517"
"80","3","12245","2729","270000517"
"80","3","10859","2729","270000517"
"80","3","5788","2729","270000517"
"80","3","6239","2729","270000517"
"80","3","5805","2729","270000517"
"80","3","5805","2729","270000517"
"80","3","5802","2729","270000517"
"80","3","14924","2729","270000517"
"80","3","5788","2729","270000517"
"80","3","5804","2729","270000517"
"80","3","6239","2729","270000517"
"80","3","7677","2729","270000517"
"80","3","7677","2729","270000517"
"80","3","14923","2729","270000517"
"80","3","6239","2729","270000517"
"81","3","6239","2729","270000518"
"81","3","5802","2729","270000518"
"81","3","6239","2729","270000518"
"81","3","15087","2729","270000518"
"81","3","10859","2729","270000518"
"81","3","7659","2729","270000518"
"81","3","5802","2729","270000518"
"81","3","14923","2729","270000518"
"81","3","7677","2729","270000518"
"81","3","5802","2729","270000518"
"81","3","5788","2729","270000518"
"81","3","14923","2729","270000518"
"81","3","5802","2729","270000518"
"81","3","14923","2729","270000518"
"81","3","5788","2729","270000518"
"81","3","6239","2729","270000518"
"81","3","10859","2729","270000518"
"81","3","12771","2729","270000518"
"81","3","5805","2729","270000518"
"81","3","5802","2729","270000518"
"82","1","12489","2729","270000510"
"82","25","3395","2729","271000793"
"82","41","12500","2743","271000815"
"82","41","12500","2743","271000816"
"82","41","12500","2743","271000815"
"82","41","12500","2743","271000816"
"82","41","12500","2743","271000817"
"82","10","9841","2729","270000526"
"82","10","12500","2729","270000526"
"82","41","12495","2743","271000816"
"82","34","12508","2729","270000692"
"82","41","12500","2743","271000816"
"82","10","12500","2729","270000526"
"82","41","12493","2743","271000816"
"82","41","12500","2743","271000817"
"82","41","12500","2743","271000817"
"82","34","12519","2729","270000692"
"82","10","12506","2729","270000526"
"82","10","12500","2729","270000526"
"82","10","12505","2729","270000526"
"83","10","9859","2729","270000526"
"83","10","9694","2729","270000526"
"83","10","11388","2706","270000665"
"83","10","11388","2706","270000665"
"83","10","11389","2729","270000526"
"83","10","11389","2736","270000634"
"83","10","11389","2736","270000634"
"83","10","12157","2729","270000526"
"83","10","12384","2729","270000526"
"83","10","11387","2729","270000526"
"83","10","9657","2729","270000526"
"83","10","10952","2729","270000526"
"83","10","14945","2729","270000526"
"83","10","9694","2729","270000526"
"83","10","9661","2729","270000526"
"83","10","9860","2729","270000526"
"83","10","12545","2729","270000526"
"83","10","11389","2729","270000526"
"83","10","9694","2729","270000526"
"83","10","9638","2729","270000526"
"84","10","9974","2729","270000526"
"84","10","9965","2729","270000526"
"84","10","12005","2729","270000526"
"84","10","9978","2729","270000526"
"84","10","12090","2737","270000557"
"84","10","12090","2729","270000526"
"84","3","5802","2729","270000517"
"84","10","9965","2729","270000526"
"84","3","5802","2729","270000516"
"84","10","9965","2729","270000526"
"84","10","9973","2729","270000526"
"84","10","12005","2729","270000526"
"84","10","9974","2729","270000526"
"84","10","9965","2729","270000526"
"84","10","9967","2729","270000526"
"84","10","5802","2729","270000526"
"84","10","9967","2729","270000526"
"84","10","9965","2729","270000526"
"84","10","9968","2729","270000526"
"84","10","11816","2729","270000526"
"85","2","12489","2729","270000690"
"85","2","12489","2729","270000690"
"85","25","5885","2722","271000808"
"85","25","5885","2722","271000808"
"85","25","5885","2722","271000808"
"85","25","5885","2722","271000808"
"85","25","5885","2722","271000808"
"85","25","5885","2722","271000808"
"86","5","3614","2729","270000521"
"86","5","11780","2729","270000524"
"86","39","5000","2729","270000519"
"86","25","3614","2729","271000793"
"86","5","3614","2729","271000847"
"86","39","9559","2729","270000519"
"86","5","14957","2729","270000521"
"86","5","14957","2729","270000521"
"86","39","9559","2729","270000519"
"86","5","3614","2729","270000521"
"86","39","5000","2729","270000519"
"86","39","9559","2729","270000519"
"86","39","9559","2729","270000519"
"86","5","15056","2729","270000523"
"86","5","3614","2729","270000523"
"86","5","3660","2729","270000521"
"86","5","15056","2729","270000521"
"86","5","3660","2729","270000523"
"86","5","15056","2729","270000521"
"86","5","3660","2729","270000523"
"87","5","14782","2729","270000521"
"87","25","3620","2729","271000791"
"87","5","14794","2729","270000521"
"87","5","3620","2729","271000847"
"87","5","3620","2729","271000847"
"87","5","14785","2729","270000521"
"87","25","3620","2729","271000795"
"87","25","14779","2729","271000795"
"87","25","3620","2729","271000795"
"87","5","3621","2729","271000847"
"87","5","3621","2729","270000521"
"87","5","3620","2729","271000847"
"87","25","14790","2729","271000793"
"87","46","3632","2729","271000791"
"87","25","3619","2729","271000793"
"87","5","3621","2729","270000521"
"87","5","3621","2729","270000521"
"87","25","3619","2729","271000795"
"87","5","3621","2729","271000847"
"87","5","3620","2729","271000847"
"89","9","10949","2729","270000525"
"89","9","10949","2729","270000525"
"89","9","10949","2729","270000525"
"89","9","10949","2729","270000525"
"89","9","10949","2729","270000525"
"89","9","10949","2729","270000525"
"89","9","10949","2729","270000525"
"89","9","10949","2729","270000525"
"89","9","10949","2729","270000525"
"89","9","10949","2729","270000525"
"89","9","10949","2729","270000525"
"89","9","10949","2729","270000525"
"89","9","10949","2729","270000525"
"89","9","10949","2729","270000525"
"89","9","10949","2729","270000525"
"89","9","12194","2729","270000525"
"89","9","12194","2729","270000525"
"89","9","4355","2729","270000525"
"89","9","4355","2729","270000525"
"89","9","10949","2729","270000525"
"90","41","12500","2743","271000815"
"90","41","12500","2743","271000816"
"90","41","12495","2743","271000815"
"90","10","12500","2729","270000526"
"90","41","12500","2743","271000815"
"90","34","12503","2729","270000692"
"90","10","12500","2729","270000526"
"90","10","12500","2729","270000526"
"90","10","12500","2729","270000526"
"90","41","12500","2743","271000815"
"90","41","12500","2743","271000817"
"90","34","12506","2729","270000692"
"90","34","12506","2729","270000692"
"90","41","12500","2743","271000817"
"90","34","12500","2729","270000692"
"90","34","12503","2729","270000692"
"90","10","12500","2729","270000526"
"90","10","12500","2729","270000526"
"90","10","12500","2729","270000526"
"90","10","12506","2729","270000526"
"91","2","10012","2729","270000691"
"92","14","11135","2729","270000527"
"92","14","3633","2729","270000527"
"92","14","11237","2729","270000527"
"92","14","11237","2729","270000527"
"92","14","11329","2729","270000527"
"92","14","11329","2729","270000527"
"92","14","11329","2729","270000527"
"92","14","11329","2729","270000527"
"92","5","3435","2729","270000524"
"92","5","11959","2729","270000524"
"92","5","3419","2729","270000524"
"92","13","3386","2729","270000527"
"92","5","3631","2729","270000527"
"92","5","3631","2729","270000527"
"92","5","3631","2729","270000527"
"92","5","3435","2729","270000524"
"92","14","11342","2729","270000527"
"92","13","5566","2729","270000527"
"92","5","3465","2729","271000847"
"92","5","3416","2729","270000524"
"93","39","9559","2729","270000519"
"93","39","9559","2729","270000519"
"93","39","9559","2729","270000519"
"93","39","9559","2729","270000519"
"93","4","11783","2729","270000519"
"93","39","5003","2729","270000519"
"93","12","15034","2729","270000519"
"93","3","6239","2729","270000519"
"93","12","15042","2729","270000519"
"93","12","11785","2729","270000519"
"93","5","15056","2729","270000521"
"93","39","5000","2729","270000519"
"93","12","15035","2729","270000519"
"93","39","9559","2729","270000519"
"93","39","9559","2729","270000519"
"93","12","15036","2729","270000519"
"93","12","3608","2729","270000519"
"93","39","9558","2729","270000519"
"93","39","9556","2729","270000519"
"93","39","5000","2729","270000519"
"94","5","14238","2731","270000567"
"94","5","3435","2731","270000567"
"94","9","10949","2731","270000567"
"94","9","10949","2731","270000567"
"94","9","11417","2731","270000567"
"94","46","3632","2731","270000567"
"94","9","14943","2731","270000567"
"94","9","10949","2731","270000567"
"94","9","10949","2731","270000567"
"94","5","12195","2731","270000567"
"94","9","11417","2731","270000567"
"94","9","10949","2731","270000567"
"94","9","10949","2731","270000567"
"94","5","10640","2731","270000567"
"94","7","3608","2731","270000567"
"94","9","10949","2731","270000567"
"94","7","3608","2731","270000567"
"94","9","4355","2715","270000599"
"94","5","3566","2731","270000567"
"94","9","10949","2731","270000567"
"95","5","14238","2731","270000567"
"95","5","3436","2731","270000567"
"95","5","3435","2731","270000567"
"95","46","3632","2731","270000567"
"95","5","10640","2731","270000567"
"95","5","10640","2731","270000567"
"95","5","3546","2731","270000567"
"95","5","3633","2731","270000567"
"95","5","3417","2737","270000559"
"95","5","3524","2731","270000567"
"95","5","3546","2731","270000567"
"95","5","3416","2731","270000567"
"95","5","3546","2731","270000567"
"95","5","11959","2731","270000567"
"95","5","3435","2731","270000567"
"95","5","3633","2731","270000567"
"95","5","3435","2731","270000567"
"95","5","5571","2731","270000567"
"95","5","11417","2731","270000567"
"95","5","3417","2731","270000567"
"96","10","12815","2731","270000568"
"96","10","9892","2731","270000568"
"96","10","9859","2731","270000568"
"96","3","7677","2731","270000568"
"96","3","5802","2731","270000568"
"96","3","5805","2731","270000568"
"96","3","6238","2731","270000568"
"96","10","9968","2731","270000568"
"96","10","9676","2731","270000568"
"96","3","5802","2731","270000568"
"96","3","12245","2731","270000568"
"96","10","9935","2731","270000568"
"96","3","5802","2731","270000568"
"96","3","5802","2731","270000568"
"96","3","7667","2731","270000568"
"96","3","12935","2731","270000568"
"96","3","10671","2731","270000568"
"96","3","6239","2731","270000568"
"96","3","14923","2731","270000568"
"96","10","9892","2731","270000568"
"97","2","10375","2731","270000732"
"97","2","9196","2731","270000732"
"97","2","12503","2731","270000732"
"97","2","12487","2731","270000732"
"97","2","15068","2731","270000732"
"97","2","12487","2731","270000732"
"97","1","4830","2731","270000566"
"97","2","7735","2731","270000732"
"97","1","10445","2731","270000566"
"97","2","7735","2731","270000732"
"97","2","7735","2731","270000732"
"97","2","3033612","2731","270000732"
"97","2","13032","2731","270000732"
"97","2","12959","2731","270000732"
"97","2","7735","2731","270000732"
"97","4","12487","2731","270000732"
"97","2","7735","2731","270000732"
"97","4","9180","2731","270000732"
"97","2","12508","2731","270000732"
"97","2","7735","2731","270000732"
"98","25","12347","2731","270000670"
"98","5","10640","2731","270000567"
"98","5","10640","2731","270000567"
"98","5","10640","2731","270000567"
"98","25","3566","2731","270000670"
"98","25","12347","2731","270000670"
"98","8","10907","2731","270000567"
"98","25","10848","2731","270000670"
"98","25","3402","2731","270000670"
"98","5","3566","2731","270000567"
"98","25","3572","2731","270000670"
"98","25","5885","2731","270000670"
"98","3","5802","2731","270000568"
"98","25","3397","2731","270000670"
"98","5","10640","2731","270000567"
"98","5","10640","2731","270000567"
"98","25","3402","2731","270000670"
"98","25","3386","2731","270000670"
"98","25","3632","2731","270000670"
"98","5","3573","2731","270000567"
"99","25","11959","2733","270000629"
"99","25","3572","2733","270000629"
"99","9","14943","2733","270000629"
"99","9","3402","2733","270000629"
"99","5","4355","2733","270000629"
"99","9","3402","2733","270000629"
"99","9","3402","2733","270000629"
"99","9","3402","2733","270000629"
"99","9","14943","2733","270000629"
"99","25","3402","2733","270000629"
"99","5","4355","2733","270000629"
"99","10","9974","2733","270000628"
"99","25","12347","2733","270000629"
"99","9","3402","2733","270000629"
"99","5","10632","2733","270000629"
"99","5","14692","2733","270000629"
"99","5","3386","2733","270000629"
"99","9","3402","2733","270000629"
"99","9","3402","2733","270000629"
"99","9","3402","2733","270000629"
"100","3","12245","2733","270000628"
"100","10","9974","2733","270000628"
"100","3","6239","2733","270000628"
"100","3","6239","2733","270000628"
"100","3","7687","2733","270000628"
"100","3","5788","2733","270000628"
"100","32","5788","2733","270000683"
"100","3","6239","2733","270000628"
"100","10","12090","2733","270000628"
"100","3","5802","2733","270000628"
"100","3","14923","2733","270000628"
"100","10","9914","2733","270000628"
"100","3","12245","2733","270000628"
"100","3","6239","2733","270000628"
"100","2","15189","2733","270000628"
"100","3","12245","2733","270000628"
"100","3","6239","2733","270000628"
"100","3","6239","2733","270000628"
"100","32","14923","2733","270000683"
"100","10","5802","2733","270000628"
"101","5","5566","2737","270000558"
"101","5","3372","2737","270000558"
"101","5","3417","2737","270000558"
"101","5","5566","2737","270000558"
"101","5","3417","2737","270000558"
"101","5","5571","2737","270000558"
"101","5","3417","2737","270000558"
"101","6","11785","2737","270000558"
"101","5","3566","2737","270000558"
"101","5","3435","2737","270000558"
"101","6","12091","2737","270000558"
"101","5","3465","2737","270000558"
"101","5","3435","2737","270000558"
"101","6","12091","2737","270000558"
"101","5","3370","2737","270000558"
"101","6","3372","2737","270000558"
"101","5","3395","2737","270000558"
"101","5","3546","2737","270000558"
"101","5","3436","2737","270000558"
"101","5","3633","2737","270000558"
"102","5","10949","2737","270000559"
"102","5","3417","2737","270000559"
"102","7","3608","2737","270000559"
"102","5","12334","2737","270000559"
"102","5","3633","2737","270000559"
"102","46","3632","2737","270000559"
"102","5","3395","2737","270000559"
"102","5","3417","2737","270000559"
"102","5","3417","2737","270000559"
"102","5","15056","2737","270000559"
"102","5","15056","2737","270000559"
"102","5","3402","2737","270000559"
"102","45","10950","2737","270000559"
"102","5","15056","2737","270000559"
"102","5","15056","2737","270000559"
"102","9","3402","2737","270000559"
"102","7","3608","2737","270000559"
"102","45","11417","2737","270000559"
"102","5","3417","2737","270000559"
"102","9","3402","2737","270000559"
"103","9","3402","2737","270000558"
"103","1","10445","2737","270000555"
"103","9","14684","2737","270000558"
"103","25","3632","2737","270000561"
"103","46","3632","2737","270000561"
"103","25","3426","2737","270000561"
"103","9","14943","2737","270000559"
"103","9","14943","2737","270000558"
"103","2","10010","2737","270000656"
"103","9","14227","2737","270000559"
"103","9","3402","2737","270000558"
"103","9","12194","2737","270000558"
"103","9","3692","2737","270000559"
"103","9","14227","2737","270000558"
"103","9","10949","2737","270000559"
"103","9","10949","2737","270000559"
"103","9","10949","2737","270000559"
"103","9","3402","2737","270000558"
"103","25","3402","2737","270000561"
"103","9","14227","2737","270000559"
"104","2","10010","2737","270000656"
"104","2","10010","2737","270000656"
"104","10","12090","2737","270000557"
"104","10","12805","2737","270000557"
"104","4","10859","2737","270000557"
"104","10","12495","2737","270000557"
"104","10","12500","2737","270000557"
"104","10","12513","2716","271000807"
"104","26","11782","2737","270000557"
"104","10","12817","2737","270000557"
"104","5","3633","2737","270000559"
"104","10","9694","2737","270000557"
"104","10","12500","2737","270000557"
"104","10","11456","2737","270000557"
"104","10","12900","2737","270000557"
"104","10","12805","2737","270000557"
"104","10","12223","2737","270000557"
"104","10","12500","2737","270000557"
"104","10","11389","2737","270000557"
"104","10","9675","2737","270000557"
"105","2","10012","2737","270000555"
"105","2","10012","2737","270000656"
"105","2","10012","2737","270000555"
"105","2","12416","2737","270000656"
"105","4","10647","2737","270000656"
"105","2","10012","2737","270000656"
"105","2","10013","2737","270000656"
"105","5","3606","2737","270000558"
"105","2","13319","2737","270000555"
"105","2","10014","2737","270000656"
"105","5","3606","2737","270000558"
"106","3","12245","2737","270000557"
"106","2","10010","2737","270000656"
"106","3","5788","2737","270000557"
"106","3","4813","2737","270000557"
"106","3","7687","2737","270000557"
"106","3","12245","2737","270000557"
"106","3","5802","2737","270000557"
"106","3","12245","2737","270000557"
"106","3","7687","2737","270000557"
"106","3","5804","2737","270000557"
"106","3","12245","2737","270000557"
"106","3","5802","2737","270000557"
"106","32","5802","2737","270000674"
"106","32","10859","2737","270000674"
"106","32","4935","2737","270000674"
"106","3","5802","2737","270000557"
"106","3","6239","2737","270000557"
"106","3","7687","2737","270000557"
"106","3","12243","2737","270000557"
"106","37","5804","2737","270000722"
"107","10","12495","2737","270000557"
"107","2","12503","2737","270000555"
"107","10","12500","2737","270000557"
"107","1","100119","2737","270000656"
"107","10","12500","2737","270000557"
"107","10","12223","2737","270000557"
"107","10","12500","2737","270000557"
"107","10","12500","2737","270000557"
"107","25","3621","2737","270000561"
"107","10","12487","2737","270000557"
"107","10","12500","2737","270000557"
"107","5","3622","2737","270000558"
"107","5","14782","2737","270000559"
"107","10","12500","2737","270000557"
"107","10","12500","2737","270000557"
"107","10","12513","2737","270000557"
"108","9","14943","2738","270000637"
"108","9","14943","2738","270000637"
"108","5","10952","2738","270000637"
"108","3","12771","2738","270000636"
"108","3","6239","2738","270000636"
"108","5","3426","2738","270000637"
"108","5","14692","2738","270000637"
"108","25","5885","2738","270000637"
"108","9","3402","2738","270000637"
"108","10","9909","2738","270000636"
"108","3","14923","2738","270000636"
"108","6","3372","2738","270000637"
"108","5","3417","2738","270000637"
"108","5","14782","2738","270000637"
"108","5","3633","2738","270000637"
"108","7","3608","2738","270000637"
"108","9","14943","2738","270000637"
"108","5","3465","2738","270000637"
"108","3","5802","2738","270000636"
"108","3","6239","2738","270000636"
"109","5","3619","2740","270000641"
"109","5","3620","2740","270000641"
"109","2","5953","2740","270000640"
"109","2","10013","2740","270000640"
"109","2","11937","2740","270000640"
"109","41","12500","2743","271000817"
"109","2","10012","2740","270000640"
"109","2","11937","2740","270000640"
"109","2","14132","2740","270000640"
"109","6","3372","2740","270000641"
"109","41","12500","2743","271000815"
"109","5","10851","2740","270000641"
"109","1","7780","2740","270000640"
"109","25","3620","2740","270000671"
"109","25","3620","2740","270000671"
"109","5","3555","2740","270000641"
"109","25","3620","2740","270000671"
"109","25","3620","2740","270000671"
"109","1","10435","2740","270000640"
"109","25","3620","2740","270000671"
"110","3","6239","2740","270000640"
"110","32","7677","2740","270000685"
"110","3","10859","2740","270000640"
"110","32","6239","2740","270000685"
"110","3","9180","2740","270000640"
"110","3","12245","2740","270000640"
"110","3","10859","2740","270000640"
"110","3","10859","2740","270000640"
"110","1","7780","2740","270000640"
"110","32","14923","2740","270000685"
"110","3","10859","2740","270000640"
"110","32","14923","2740","270000685"
"110","10","11456","2740","270000640"
"110","3","12245","2740","270000640"
"110","3","10859","2740","270000640"
"110","3","10859","2740","270000640"
"110","10","11391","2740","270000640"
"110","25","3632","2706","270000539"
"110","3","5804","2740","270000640"
"110","32","6239","2740","270000685"
"111","5","11417","2740","270000641"
"111","9","10949","2740","270000641"
"111","5","3416","2740","270000641"
"111","5","3620","2740","270000641"
"111","5","3416","2740","270000641"
"111","5","3416","2740","270000641"
"111","5","3416","2740","270000641"
"111","5","3416","2740","270000641"
"111","5","3416","2740","270000641"
"111","5","3417","2740","270000641"
"111","5","11417","2740","270000641"
"111","9","3402","2740","270000641"
"111","9","3402","2740","270000641"
"111","9","3402","2740","270000641"
"111","5","3416","2740","270000641"
"111","5","3416","2740","270000641"
"111","25","5885","2740","270000671"
"111","25","3573","2740","270000671"
"111","25","3402","2740","270000671"
"111","5","3417","2740","270000641"
"114","24","7780","2715","270000599"
"114","5","3633","2730","270000625"
"117","5","3633","2721","270000563"
"117","5","3633","2730","270000625"
"117","46","3632","2716","270000601"
"117","5","3417","2731","270000567"
"117","5","14957","2729","270000521"
"117","45","10950","2722","270000549"
"117","5","3435","2731","270000567"
"117","46","3632","2702","270000573"
"117","24","7780","2715","270000599"
"117","9","10949","2729","270000525"
"117","5","15056","2731","270000567"
"117","5","3435","2731","270000567"
"117","5","3633","2730","270000625"
"120","1","12489","2729","270000510"
"120","1","12489","2729","270000510"
"120","5","14105","2729","271000847"
"120","5","3605","2729","270000521"
"120","5","3615","2729","270000521"
"120","5","3605","2729","270000521"
"120","1","4830","2729","270000509"
"120","7","3608","2729","270000521"
"120","1","4830","2745","271000841"
"120","5","3659","2729","271000847"
"120","2","12489","2729","270000690"
"120","5","3659","2729","270000523"
"120","1","4829","2729","270000510"
"120","1","4829","2745","271000841"
"120","5","3659","2729","270000523"
"120","1","11806","2745","271000841"
"120","5","3659","2729","270000523"
"120","1","12756","2729","270000526"
"120","1","13088","2729","270000511"
"120","1","4829","2745","271000841"
"121","5","11417","2729","270000523"
"126","5","10913","2729","270000523"
"126","5","7928","2729","270000523"
"126","5","7928","2729","270000523"
"126","5","10982","2729","270000523"
"126","5","14124","2729","270000521"
"126","5","3614","2706","270000536"
"126","5","10914","2729","270000523"
"126","5","10982","2729","270000523"
"126","5","14957","2729","270000521"
"126","5","12334","2716","270000601"
"126","5","14957","2729","270000521"
"126","5","3539","2729","271000847"
"126","5","4355","2729","270000521"
"126","5","7928","2729","270000521"
"126","5","10606","2716","270000601"
"126","5","14957","2729","270000521"
"126","5","10851","2729","270000521"
"126","7","7928","2729","270000523"
"126","5","7928","2729","270000523"
"126","5","4355","2729","270000523"
"129","5","10949","2729","270000525"
"130","10","12506","2706","270000665"
"130","10","12503","2706","270000665"
"130","10","12005","2706","270000665"
"131","9","10949","2722","270000554"
"131","5","3386","2734","270000631"
"131","6","12091","2722","270000554"
"132","2","10671","2703","270000574"
"132","10","12090","2731","270000568"
"133","10","12002","2731","270000568"
"133","10","9638","2715","270000598"
"138","8","10907","2706","270000745"
"138","8","10907","2706","270000745"
"138","5","10640","2706","270000745"
"138","8","10907","2706","270000745"
"138","8","10907","2706","270000745"
"138","8","7928","2706","270000745"
"138","8","7928","2706","270000745"
"138","5","15056","2706","270000536"
"138","5","15056","2706","270000537"
"138","8","10907","2706","270000745"
"138","8","10907","2706","270000745"
"138","5","10637","2706","270000745"
"138","8","7791","2706","270000745"
"138","8","7791","2706","270000745"
"138","8","10640","2706","270000745"
"138","8","10640","2706","270000745"
"138","5","3417","2706","270000536"
"138","8","14130","2706","270000745"
"138","8","14130","2706","270000745"
"138","5","3417","2706","270000537"
"139","5","3631","2726","270000619"
"139","5","3555","2707","270000581"
"143","10","9694","2713","270000595"
"143","10","9925","2713","270000595"
"143","3","5788","2713","270000595"
"143","3","7661","2713","270000595"
"143","10","12090","2737","270000557"
"143","3","5788","2713","270000595"
"143","3","10859","2713","270000595"
"143","3","10859","2713","270000595"
"143","3","10859","2713","270000595"
"143","3","10859","2713","270000595"
"143","3","10859","2713","270000595"
"143","33","6239","2713","270000676"
"143","3","5787","2713","270000595"
"143","3","6239","2713","270000595"
"143","3","12245","2713","270000595"
"143","3","10859","2713","270000595"
"143","3","14923","2713","270000595"
"143","3","10859","2713","270000595"
"143","3","5802","2713","270000595"
"143","10","12005","2713","270000595"
"147","3","6239","2710","270000586"
"147","10","9636","2710","270000586"
"147","3","7677","2710","270000586"
"147","3","10859","2710","270000586"
"147","3","12245","2710","270000586"
"147","3","5802","2710","270000586"
"147","3","6239","2710","270000586"
"147","3","14923","2710","270000586"
"147","3","12245","2710","270000586"
"147","3","5802","2710","270000586"
"147","3","10859","2710","270000586"
"147","3","5788","2710","270000586"
"147","3","14923","2710","270000586"
"147","2","7735","2710","270000586"
"147","3","12245","2710","270000586"
"147","3","10859","2710","270000586"
"147","3","6239","2710","270000586"
"147","3","6239","2710","270000586"
"147","3","6239","2710","270000586"
"147","3","5788","2710","270000586"
"148","9","3402","2726","270000619"
"148","9","3402","2726","270000619"
"148","9","3426","2726","270000619"
"148","46","3632","2726","270000619"
"148","5","14957","2726","270000619"
"148","5","14782","2726","270000619"
"148","5","3435","2726","270000619"
"148","9","14943","2726","270000619"
"148","9","14227","2726","270000619"
"148","3","10859","2726","270000618"
"148","5","4355","2726","270000619"
"148","5","15056","2726","270000619"
"148","8","4355","2726","270000619"
"148","25","3632","2726","270000619"
"148","46","3632","2726","270000619"
"148","25","3402","2726","270000619"
"148","9","3397","2726","270000619"
"148","6","3372","2726","270000619"
"148","25","3402","2726","270000619"
"148","25","3386","2726","270000619"
"150","5","3620","2715","270000599"
"150","1","10458","2715","270000598"
"152","3","14923","2714","270000650"
"152","3","6239","2714","270000650"
"152","2","7925","2714","270000596"
"152","10","9892","2714","270000650"
"152","10","11391","2714","270000650"
"152","1","12503","2714","270000650"
"152","3","6239","2714","270000650"
"152","3","12245","2714","270000650"
"152","3","14126","2714","270000650"
"152","3","6239","2714","270000650"
"152","2","15071","2714","270000596"
"152","3","9180","2714","270000650"
"152","3","10859","2714","270000650"
"152","3","5802","2714","270000650"
"152","3","6239","2714","270000650"
"152","3","6239","2714","270000650"
"152","3","6239","2714","270000650"
"152","1","10501","2714","270000596"
"152","2","6101","2714","270000596"
"152","10","11391","2714","270000650"
"153","1","10948","2706","270000658"
"153","1","11947","2706","270000660"
"153","1","9541","2706","270000660"
"154","5","14784","2725","270000616"
"154","10","12155","2725","270000655"
"154","9","4355","2729","270000525"
"154","9","10949","2729","270000525"
"157","5","3620","2707","270000581"
"157","25","3620","2707","270000581"
"157","25","3620","2707","270000581"
"157","25","3620","2707","270000581"
"157","25","3620","2707","270000581"
"157","25","3620","2707","270000581"
"157","25","14786","2742","270000649"
"157","25","14786","2741","270000644"
"157","25","14786","2742","270000649"
"157","25","14786","2741","270000644"
"157","25","14789","2707","270000581"
"157","25","14786","2706","271000797"
"157","25","14786","2706","271000797"
"157","25","14786","2718","270000606"
"157","25","14786","2707","270000581"
"157","25","3620","2724","270000614"
"157","1","3033613","2706","270000658"
"157","5","11961","2707","270000581"
"157","25","14786","2706","271000797"
"157","25","14786","2707","270000581"
"161","46","3632","2715","270000599"
"161","5","7928","2715","270000599"
"161","25","3566","2715","270000599"
"161","9","3402","2715","270000599"
"161","9","14943","2715","270000599"
"161","25","3581","2715","270000599"
"161","9","3402","2715","270000599"
"161","9","3402","2715","270000599"
"161","25","3566","2715","270000599"
"161","9","3402","2715","270000599"
"161","5","3546","2715","270000599"
"161","6","3372","2715","270000599"
"161","46","3632","2715","270000599"
"161","9","14943","2715","270000599"
"161","5","3566","2731","270000567"
"161","3","6239","2715","270000599"
"161","3","6239","2715","270000599"
"161","3","7687","2715","270000599"
"161","9","14942","2715","270000599"
"161","3","6239","2715","270000599"
"163","38","5885","2729","271000338"
"163","25","5885","2706","270000539"
"163","25","3632","2706","270000539"
"163","25","3632","2706","270000539"
"163","36","10334","2707","270000652"
"163","25","5885","2733","270000629"
"163","25","3620","2740","270000671"
"163","38","10671","2729","271000337"
"163","38","12487","2729","271000338"
"163","38","5885","2729","271000337"
"163","25","5885","2729","271000795"
"163","36","10230","2729","271000789"
"163","38","10504","2729","271000337"
"163","25","5885","2729","271000795"
"163","25","5885","2729","271000793"
"163","38","11806","2729","271000338"
"163","25","4371","2706","271000797"
"163","25","5885","2729","271000793"
"163","25","3572","2713","270000667"
"163","36","10423","2729","271000788"
"164","38","6060","2729","271000342"
"164","38","11000","2729","271000341"
"164","38","11811","2729","271000342"
"164","38","3566","2729","271000341"
"164","38","10308","2729","271000340"
"164","38","3426","2729","271000341"
"164","25","5885","2729","271000795"
"164","38","3632","2729","271000340"
"164","25","5885","2722","271000808"
"164","25","3632","2722","271000808"
"164","38","10986","2729","271000342"
"164","25","5885","2722","271000808"
"164","38","12223","2729","271000341"
"164","38","13019","2729","271000341"
"164","38","5885","2729","271000340"
"164","38","11811","2729","271000341"
"164","25","5885","2722","271000808"
"164","38","5885","2729","271000340"
"164","38","11806","2729","271000342"
"164","38","12347","2729","271000341"
"166","2","10334","2709","270000584"
"166","1","10671","2709","270000584"
"166","5","3416","2709","270000585"
"166","3","9180","2709","270000584"
"166","3","10859","2709","270000584"
"166","3","10859","2709","270000584"
"166","3","9180","2709","270000584"
"166","2","7925","2709","270000584"
"166","2","12887","2709","270000584"
"166","3","5804","2709","270000584"
"166","3","5802","2709","270000584"
"166","2","15074","2709","270000584"
"166","1","9160","2709","270000584"
"166","3","7687","2709","270000584"
"166","3","10859","2709","270000584"
"166","1","9160","2709","270000584"
"166","1","9160","2709","270000584"
"166","3","12245","2709","270000584"
"166","10","12005","2709","270000584"
"166","3","10859","2709","270000584"
"167","5","11961","2727","270000621"
"168","9","10949","2729","270000525"
"168","9","15174","2729","270000525"